﻿pos_x,pos_y,rotation,side,designator,mpn,pack,value,mount_type,place
24.5,-0.75,180.0,top,BAT_12V_P1,,"PhoenixContact_MCV_1,5_2-G-3.81_1x02_P3.81mm_Vertical",Conn_01x02_Pin,tht,True
35.56,-0.75,180.0,top,BAT_24V1,,"PhoenixContact_MCV_1,5_2-G-3.81_1x02_P3.81mm_Vertical",Conn_01x02_Pin,tht,True
13.5,-0.75,180.0,top,BAT_ELEC1,,"PhoenixContact_MCV_1,5_2-G-3.81_1x02_P3.81mm_Vertical",Conn_01x02_Pin,tht,True
43.25,22.0,180.0,top,C1,,C_0603_1608Metric,22pF,smt,True
43.25,27.25,0.0,top,C2,,C_0603_1608Metric,22pF,smt,True
10.75,28.25,0.0,top,C_BST_1,,C_0603_1608Metric,0.1µ,smt,True
2.975,18.2,180.0,top,C_IN_1,,C_1206_3216Metric,10µ,smt,True
3.0,20.7,180.0,top,C_IN_2,,C_1206_3216Metric,10µ,smt,True
3.7,22.7,180.0,top,C_IN_3,,C_0603_1608Metric,0.1µ,smt,True
3.5,29.75,0.0,top,C_OUT_1,,C_0603_1608Metric,22µ,smt,True
3.5,31.5,0.0,top,C_OUT_2,,C_0603_1608Metric,22µ,smt,True
5.0,9.35,-90.0,top,D_12VE_INV1,,D_SOD-123F,D,smt,True
9.25,4.75,180.0,bottom,D_12VE_OT1,,D_SOD-523,EDZV13B,smt,True
16.0,9.35,-90.0,top,D_12VP_INV1,,D_SOD-123F,~,smt,True
32.25,7.5,0.0,bottom,D_12VP_OT1,,D_SOD-523,EDZV13B,smt,True
26.0,36.25,90.0,top,FAN1,,FAN_25mm,Conn_01x02_Socket,tht,True
8.5,7.0,-90.0,top,F_12VE1,,Fuse_Littelfuse-NANO2-451_453,Fuse,smt,True
19.25,7.0,-90.0,top,F_12VP1,,Fuse_Littelfuse-NANO2-451_453,Fuse,smt,True
56.25,41.79,0.0,top,GPIO12,,PinSocket_1x04_P2.54mm_Vertical,Conn_01x04_Socket,tht,True
62.75,41.8,0.0,top,GPIO16,,PinSocket_1x04_P2.54mm_Vertical,Conn_01x04_Socket,tht,True
43.25,41.8,0.0,top,GPIO17,,PinSocket_1x04_P2.54mm_Vertical,Conn_01x04_Socket,tht,True
48.0,47.5,90.0,top,GPIO5,,PinSocket_1x04_P2.54mm_Vertical,Conn_01x04_Socket,tht,True
49.75,41.79,0.0,top,GPIO6,,PinSocket_1x04_P2.54mm_Vertical,Conn_01x04_Socket,tht,True
8.37,51.23,-90.0,bottom,J1,,PinSocket_2x20_P2.54mm_Vertical,GPIO,tht,True
27.5,19.75,0.0,top,J2,,Molex_Micro-Fit_3.0_43045-0812_2x04_P3.00mm_Vertical,Conn_02x04_Top_Bottom,tht,True
24.75,8.5,180.0,top,J3,,PinSocket_1x02_P2.54mm_Vertical,Conn_01x03,tht,True
5.6375,24.0,180.0,top,L2,,VLS4020CX-H,3.3µH,smt,True
11.0,46.5,0.0,top,LCD1,,PinSocket_1x04_P2.54mm_Vertical,Conn_01x04_Socket,tht,True
13.0,4.5,90.0,top,LED_12V_ELEC_1,,LED_0805_2012Metric,LED,smt,True
25.0,4.5,90.0,top,LED_12V_POW_1,,LED_0805_2012Metric,LED,smt,True
31.0,4.5,90.0,top,LED_24V_POW_1,,LED_0805_2012Metric,LED,smt,True
59.25,27.75,-90.0,top,LED_R_1,,LED_0805_2012Metric,LED,smt,True
63.5,27.75,-90.0,top,LED_R_2,,LED_0805_2012Metric,LED,smt,True
3.5,52.5,0.0,top,MH1,,MountingHole_2.7mm_M2.5,MountingHole_2.7mm_M2.5,tht,False
61.5,52.5,0.0,top,MH2,,MountingHole_2.7mm_M2.5,MountingHole_2.7mm_M2.5,tht,False
3.5,3.5,0.0,top,MH3,,MountingHole_2.7mm_M2.5,MountingHole_2.7mm_M2.5,tht,False
61.5,3.5,0.0,top,MH4,,MountingHole_2.7mm_M2.5,MountingHole_2.7mm_M2.5,tht,False
9.0,14.75,90.0,top,Q_12VP_1,,SOP-8_3.76x4.96mm_P1.27mm,RS3L110AT,smt,True
20.0,14.75,90.0,top,Q_12VP_2,,SOP-8_3.76x4.96mm_P1.27mm,RS3L110AT,smt,True
11.0,8.0625,90.0,bottom,Q_P12VE_1,,SOT-23,2N3906,smt,True
28.25,8.5,180.0,bottom,Q_P12VP_1,,SOT-23,2N3906,smt,True
12.5,4.75,180.0,bottom,R_12VE_1,,R_0603_1608Metric,10k,smt,True
11.0,11.5,90.0,bottom,R_12VE_2,,R_0603_1608Metric,2.2k,smt,True
32.25,9.25,0.0,bottom,R_12VP_1,,R_0603_1608Metric,10k,smt,True
28.25,11.25,0.0,bottom,R_12VP_2,,R_0603_1608Metric,2.2k,smt,True
28.25,11.25,180.0,top,R_12VP_3,,R_0603_1608Metric,1M,smt,True
38.0,18.25,-90.0,bottom,R_CAN1,,R_0603_1608Metric,120,smt,True
11.75,24.675,90.0,top,R_EN_1,,R_0603_1608Metric,10k,smt,True
6.75,29.75,0.0,bottom,R_FB_1,,R_0603_1608Metric,10k,smt,True
3.75,29.75,180.0,bottom,R_FB_2,,R_0603_1608Metric,54.9k,smt,True
14.75,4.425,90.0,top,R_LED_12V_ELEC_1,,R_0603_1608Metric,2.49k,smt,True
26.75,4.425,90.0,top,R_LED_12V_POW_1,,R_0603_1608Metric,2.49k,smt,True
32.75,4.925,90.0,top,R_LED_24V_POW_1,,R_0603_1608Metric,11k,smt,True
59.25,23.925,90.0,top,R_LED_R_1,,R_0603_1608Metric,560,smt,True
63.5,23.925,90.0,top,R_LED_R_2,,R_0603_1608Metric,560,smt,True
55.5,29.25,0.0,top,R_RESET1,,R_0603_1608Metric,10k,smt,True
50.5,11.575,90.0,top,R_RESET2,,R_0603_1608Metric,1k,smt,True
50.0,27.0,0.0,top,U1,,TSSOP-20_4.4x6.5mm_P0.65mm,MCP2515-xST,smt,True
48.5,17.25,-90.0,top,U2,,SOIC-8_3.9x4.9mm_P1.27mm,SN65HVD230,smt,True
8.8875,25.75,0.0,top,U3,,SOT-23-6,TPS563200,smt,True
43.2,24.675,0.0,top,Y1,,Oscillator_SMD_Abracon_ASE-4Pin_3.2x2.5mm,AMB8-12Mhz,smt,True
