﻿designator,quantity,value,pack,mpn,mount_type
"BAT_12V_P1, BAT_24V1, BAT_ELEC1",3,Conn_01x02_Pin,"PhoenixContact_MCV_1,5_2-G-3.81_1x02_P3.81mm_Vertical",,tht
"C1, C2",2,22pF,C_0603_1608Metric,,smt
"C_BST_1, C_IN_3",2,0.1µ,C_0603_1608Metric,,smt
"C_IN_1, C_IN_2",2,10µ,C_1206_3216Metric,,smt
"C_OUT_1, C_OUT_2",2,22µ,C_0603_1608Metric,,smt
D_12VE_INV1,1,D,D_SOD-123F,,smt
"D_12VE_OT1, D_12VP_OT1",2,EDZV13B,D_SOD-523,,smt
D_12VP_INV1,1,~,D_SOD-123F,,smt
FAN1,1,Conn_01x02_Socket,FAN_25mm,,tht
"F_12VE1, F_12VP1",2,Fuse,Fuse_Littelfuse-NANO2-451_453,,smt
"GPIO12, GPIO16, GPIO17, GPIO5, GPIO6, LCD1",6,Conn_01x04_Socket,PinSocket_1x04_P2.54mm_Vertical,,tht
J1,1,GPIO,PinSocket_2x20_P2.54mm_Vertical,,tht
J2,1,Conn_02x04_Top_Bottom,Molex_Micro-Fit_3.0_43045-0812_2x04_P3.00mm_Vertical,,tht
J3,1,Conn_01x03,PinSocket_1x02_P2.54mm_Vertical,,tht
L2,1,3.3µH,VLS4020CX-H,,smt
"LED_12V_ELEC_1, LED_12V_POW_1, LED_24V_POW_1, LED_R_1, LED_R_2",5,LED,LED_0805_2012Metric,,smt
"MH1, MH2, MH3, MH4",4,MountingHole_2.7mm_M2.5,MountingHole_2.7mm_M2.5,,tht
"Q_12VP_1, Q_12VP_2",2,RS3L110AT,SOP-8_3.76x4.96mm_P1.27mm,,smt
"Q_P12VE_1, Q_P12VP_1",2,2N3906,SOT-23,,smt
"R_12VE_1, R_12VP_1, R_EN_1, R_FB_1, R_RESET1",5,10k,R_0603_1608Metric,,smt
"R_12VE_2, R_12VP_2",2,2.2k,R_0603_1608Metric,,smt
R_12VP_3,1,1M,R_0603_1608Metric,,smt
R_CAN1,1,120,R_0603_1608Metric,,smt
R_FB_2,1,54.9k,R_0603_1608Metric,,smt
"R_LED_12V_ELEC_1, R_LED_12V_POW_1",2,2.49k,R_0603_1608Metric,,smt
R_LED_24V_POW_1,1,11k,R_0603_1608Metric,,smt
"R_LED_R_1, R_LED_R_2",2,560,R_0603_1608Metric,,smt
R_RESET2,1,1k,R_0603_1608Metric,,smt
U1,1,MCP2515-xST,TSSOP-20_4.4x6.5mm_P0.65mm,,smt
U2,1,SN65HVD230,SOIC-8_3.9x4.9mm_P1.27mm,,smt
U3,1,TPS563200,SOT-23-6,,smt
Y1,1,AMB8-12Mhz,Oscillator_SMD_Abracon_ASE-4Pin_3.2x2.5mm,,smt
